poi_id,poi_name,poi_type,address,longitude,latitude,description,location_id,location_name,location_longitude,location_latitude,current_temp,current_condition,weather_update_time,star_rating,room_count,scenic_level,max_capacity,enterprise_id,enterprise_name,enterprise_type,relationship_type
1,上海博物馆,scenic_spot,人民大道201号,121.475507,31.228228,中国古代艺术博物馆,1,黄浦区,121.48442,31.231661,15.8,晴,2025/12/24 10:00,,,AAAA,8000,1,上海博物馆,事业单位,管理
2,上海豫园,scenic_spot,安仁街218号,121.492781,31.226483,明代园林古迹,1,黄浦区,121.48442,31.231661,15.8,晴,2025/12/24 10:00,,,AAAA,15000,2,上海豫园旅游商城股份有限公司,上市公司,管理
3,上海城市规划展示馆,scenic_spot,人民大道100号,121.47556,31.231588,城市规划展示中心,1,黄浦区,121.48442,31.231661,15.8,晴,2025/12/24 10:00,,,AAAA,10000,3,上海市规划和自然资源局,政府机构,管理
4,上海田子坊,scenic_spot,泰康路200-1号,121.46973,31.207755,艺术创意街区,1,黄浦区,121.48442,31.231661,15.8,晴,2025/12/24 10:00,,,AAA,8000,4,田子坊文化发展有限公司,民营企业,管理
5,上海老码头景区,scenic_spot,中山南路505号老码头,121.50727,31.217708,历史码头改造景区,1,黄浦区,121.48442,31.231661,15.8,晴,2025/12/24 10:00,,,AAA,23744,5,上海老码头投资管理有限公司,民营企业,管理
6,上海动物园,scenic_spot,虹桥路2381号,121.362928,31.192925,综合性动物园,2,长宁区,121.424751,31.220537,15.2,多云,2025/12/24 10:00,,,AAAA,44000,6,上海动物园,事业单位,管理
7,长风公园·长风海洋世界景区,scenic_spot,大渡河路189号、451号,121.399548,31.224054,公园与海洋馆,3,普陀区,121.39547,31.249618,14.9,多云,2025/12/24 10:00,,,AAAA,50000,7,上海长风海洋世界,民营企业,管理
8,M50艺术产业园,scenic_spot,莫干山路50号,121.449142,31.247988,艺术创意产业园,3,普陀区,121.39547,31.249618,14.9,多云,2025/12/24 10:00,,,AAA,14350,8,M50创意园区管理公司,民营企业,管理
9,上海大宁灵石公园,scenic_spot,广中西路288号,121.443097,31.275776,城市公园,4,静安区,121.447348,31.227718,15.6,晴,2025/12/24 10:00,,,AAA,105247,9,上海静安区绿化市容局,政府机构,管理
10,上海鲁迅公园,scenic_spot,四川北路2288号,121.482945,31.270761,纪念性公园,5,虹口区,121.504994,31.264917,15.3,晴,2025/12/24 10:00,,,AAA,102400,10,上海虹口区绿化市容局,政府机构,管理
11,上海和平公园,scenic_spot,天宝路891号,121.500629,31.271596,城市公园,5,虹口区,121.504994,31.264917,15.3,晴,2025/12/24 10:00,,,AAA,89731,10,上海虹口区绿化市容局,政府机构,管理
12,上海犹太难民纪念馆,scenic_spot,长阳路62号,121.509241,31.254267,历史纪念馆,5,虹口区,121.504994,31.264917,15.3,晴,2025/12/24 10:00,,,AAA,1600,11,上海虹口区文旅局,政府机构,管理
13,上海共青森林公园,scenic_spot,军工路2000号,121.550352,31.319819,生态森林公园,6,杨浦区,121.525409,31.259588,15.1,晴,2025/12/24 10:00,,,AAAA,63000,12,上海共青森林公园,事业单位,管理
14,黄兴公园,scenic_spot,国顺东路369号,121.529626,31.293238,城市公园,6,杨浦区,121.525409,31.259588,15.1,晴,2025/12/24 10:00,,,AAA,65000,13,上海杨浦区绿化市容局,政府机构,管理
15,上海锦江乐园,scenic_spot,虹梅路201号,121.409341,31.140296,综合游乐园,7,闵行区,121.380857,31.112834,14.8,多云,2025/12/24 10:00,,,AAAA,37500,14,锦江国际集团,国有企业,管理
16,上海召稼楼,scenic_spot,沈杜公路2059号,121.549785,31.074066,江南水乡古镇,7,闵行区,121.380857,31.112834,14.8,多云,2025/12/24 10:00,,,AAA,42000,15,上海闵行文旅投资发展有限公司,国有企业,管理
17,上海老外街景区,scenic_spot,虹梅路3338弄,121.387875,31.191292,国际风情街区,7,闵行区,121.380857,31.112834,14.8,多云,2025/12/24 10:00,,,AAA,11692,16,老外街投资发展有限公司,民营企业,管理
18,上海顾村公园,scenic_spot,沪太路4788号,121.385189,31.344728,赏樱花名胜,8,宝山区,121.489431,31.405242,14.5,多云,2025/12/24 10:00,,,AAAA,200780,17,上海顾村公园,事业单位,管理
19,上海东方假日田园,scenic_spot,联杨路3888号,121.325716,31.400166,农业观光园,8,宝山区,121.489431,31.405242,14.5,多云,2025/12/24 10:00,,,AAA,7600,18,东方假日田园旅游发展公司,民营企业,管理
20,上海玻璃博物馆,scenic_spot,长江西路685号,121.472233,31.343926,玻璃艺术博物馆,8,宝山区,121.489431,31.405242,14.5,多云,2025/12/24 10:00,,,AAAA,6500,19,上海玻璃博物馆,民营企业,管理
21,上海古猗园,scenic_spot,沪宜公路218号,121.316425,31.290596,江南园林,9,嘉定区,121.265276,31.375566,14.7,多云,2025/12/24 10:00,,,AAAA,45000,20,上海古猗园,事业单位,管理
22,嘉定州桥景区,scenic_spot,南大街290号,121.251419,31.382667,历史文化街区,9,嘉定区,121.265276,31.375566,14.7,多云,2025/12/24 10:00,,,AAAA,162000,21,上海嘉定文旅集团,国有企业,管理
23,南翔景区,scenic_spot,南翔镇,121.31082,31.299815,江南古镇,9,嘉定区,121.265276,31.375566,14.7,多云,2025/12/24 10:00,,,AAAA,26000,21,上海嘉定文旅集团,国有企业,管理
24,华亭人家-毛桥村,scenic_spot,华亭镇联华村788号,121.28595,31.484905,乡村旅游点,9,嘉定区,121.265276,31.375566,14.7,多云,2025/12/24 10:00,,,AAA,21250,22,华亭镇乡村旅游合作社,集体企业,管理
25,上海东方明珠广播电视塔,scenic_spot,世纪大道1号,121.499971,31.239436,上海标志性建筑,10,浦东新区,121.544346,31.221461,15.5,晴,2025/12/24 10:00,,,AAAAA,35000,23,上海东方明珠传媒股份有限公司,上市公司,拥有
26,上海野生动物园,scenic_spot,南六公路178号,121.71899,31.052988,大型野生动物园,10,浦东新区,121.544346,31.221461,15.5,晴,2025/12/24 10:00,,,AAAAA,96000,24,上海野生动物园有限公司,国有企业,管理
27,上海科技馆,scenic_spot,世纪大道2000号,121.541621,31.218122,科普教育基地,10,浦东新区,121.544346,31.221461,15.5,晴,2025/12/24 10:00,,,AAAAA,30000,25,上海科技馆,事业单位,管理
28,金茂大厦88层观光厅,scenic_spot,世纪大道88号,121.505476,31.235345,高层观光厅,10,浦东新区,121.544346,31.221461,15.5,晴,2025/12/24 10:00,,,AAAA,15600,26,上海陆家嘴集团,国有企业,拥有
29,上海世纪公园,scenic_spot,芳甸路666号,121.558928,31.221151,城市中央公园,10,浦东新区,121.544346,31.221461,15.5,晴,2025/12/24 10:00,,,AAAA,98989,27,上海世纪公园经营管理有限公司,国有企业,管理
30,上海海洋水族馆,scenic_spot,陆家嘴环路1388号,121.501894,31.240777,世界级水族馆,10,浦东新区,121.544346,31.221461,15.5,晴,2025/12/24 10:00,,,AAAA,29000,28,上海海昌海洋公园,民营企业,管理
31,上海鲜花港,scenic_spot,东海农场振东路2号,121.901793,30.946509,花卉主题公园,10,浦东新区,121.544346,31.221461,15.5,晴,2025/12/24 10:00,,,AAAA,88000,29,上海鲜花港发展有限公司,国有企业,管理
32,上海中国航海博物馆,scenic_spot,申港大道197号,121.919734,30.896132,航海主题博物馆,10,浦东新区,121.544346,31.221461,15.5,晴,2025/12/24 10:00,,,AAAA,20000,30,中国航海博物馆,事业单位,管理
33,上海环球金融中心观光厅,scenic_spot,世纪大道100号,121.506616,31.241159,高层观光厅,10,浦东新区,121.544346,31.221461,15.5,晴,2025/12/24 10:00,,,AAAA,16000,26,上海陆家嘴集团,国有企业,拥有
34,上海南汇桃花村,scenic_spot,惠南镇北门路289号,121.75495,31.06022,桃花观赏地,10,浦东新区,121.544346,31.221461,15.5,晴,2025/12/24 10:00,,,AAA,29374,31,南汇新城镇政府,政府机构,管理
35,大团桃园,scenic_spot,大团镇赵桥村柴场888号,121.738706,30.986038,桃园观光,10,浦东新区,121.544346,31.221461,15.5,晴,2025/12/24 10:00,,,AAA,29630,32,大团镇政府,政府机构,管理
36,上海南汇渔乐湾生态园,scenic_spot,新场镇笋王路1688号,121.663482,31.011747,生态观光园,10,浦东新区,121.544346,31.221461,15.5,晴,2025/12/24 10:00,,,AAA,4344,33,渔乐湾生态园开发公司,民营企业,管理
37,书院人家,scenic_spot,书院镇洋溢村书院692号,121.873129,30.944561,乡村旅游点,10,浦东新区,121.544346,31.221461,15.5,晴,2025/12/24 10:00,,,AAA,3220,34,书院镇乡村旅游合作社,集体企业,管理
38,上海滨海森林公园,scenic_spot,东大公路5366号,121.909864,30.971939,滨海森林公园,10,浦东新区,121.544346,31.221461,15.5,晴,2025/12/24 10:00,,,AAA,29384,35,上海滨海森林公园管理所,事业单位,管理
39,新场古镇,scenic_spot,新场镇海泉街128号,121.646772,31.024797,江南水乡古镇,10,浦东新区,121.544346,31.221461,15.5,晴,2025/12/24 10:00,,,AAA,20352,36,新场镇旅游发展公司,国有企业,管理
40,上海地质科普馆,scenic_spot,祝桥镇新龙村新龙宅100号,121.782882,31.178243,地质科普展馆,10,浦东新区,121.544346,31.221461,15.5,晴,2025/12/24 10:00,,,AAA,5500,37,上海地质科普馆,事业单位,管理
41,上海中医药博物馆,scenic_spot,蔡伦路1200号,121.596488,31.194051,中医药主题博物馆,10,浦东新区,121.544346,31.221461,15.5,晴,2025/12/24 10:00,,,AAA,11604,38,上海中医药大学,事业单位,管理
42,上海枫泾古镇,scenic_spot,枫泾镇亭枫公路8588弄28号,121.014592,30.88644,江南水乡古镇,11,金山区,121.341774,30.742769,14.3,多云,2025/12/24 10:00,,,AAAA,43500,39,上海金山文旅集团,国有企业,管理
43,上海金山城市沙滩,scenic_spot,金山大道1972号,121.34423,30.742572,人工海滩,11,金山区,121.341774,30.742769,14.3,多云,2025/12/24 10:00,,,AAAA,50000,39,上海金山文旅集团,国有企业,管理
44,上海东林寺景区,scenic_spot,朱泾镇东林街150号,121.165811,30.894367,千年古刹,11,金山区,121.341774,30.742769,14.3,多云,2025/12/24 10:00,,,AAAA,10000,40,东林寺,宗教组织,管理
45,廊下生态园,scenic_spot,廊下镇漕廊公路9177号,121.1554,30.785796,生态农业园,11,金山区,121.341774,30.742769,14.3,多云,2025/12/24 10:00,,,AAA,7800,41,廊下镇政府,政府机构,管理
46,中国农民画村,scenic_spot,朱枫公路8258弄169号,121.017045,30.922221,农民画主题村,11,金山区,121.341774,30.742769,14.3,多云,2025/12/24 10:00,,,AAA,10200,42,金山区文旅局,政府机构,管理
47,上海南社纪念馆,scenic_spot,张堰镇新华路139号,121.285745,30.801751,历史纪念馆,11,金山区,121.341774,30.742769,14.3,多云,2025/12/24 10:00,,,AAA,500,43,张堰镇文化站,政府机构,管理
48,上海佘山国家森林公园,scenic_spot,外青松公路9258号,121.198473,31.09636,国家森林公园,12,松江区,121.227676,31.03257,14.6,多云,2025/12/24 10:00,,,AAAA,87932,44,上海佘山国家旅游度假区管委会,政府机构,管理
49,上海方塔园,scenic_spot,中山东路235号,121.246019,31.004706,宋代古塔园林,12,松江区,121.227676,31.03257,14.6,多云,2025/12/24 10:00,,,AAAA,15000,45,上海松江区文旅局,政府机构,管理
50,上海月湖雕塑公园,scenic_spot,佘山林荫新路1158号,121.207867,31.099122,雕塑艺术公园,12,松江区,121.227676,31.03257,14.6,多云,2025/12/24 10:00,,,AAAA,20000,46,上海月湖投资管理有限公司,民营企业,管理
51,上海欢乐谷,scenic_spot,林湖路888号,121.214778,31.09607,大型主题乐园,12,松江区,121.227676,31.03257,14.6,多云,2025/12/24 10:00,,,AAAA,80664,47,上海欢乐谷投资发展有限公司,国有企业,管理
52,上海影视乐园,scenic_spot,车墩镇北松公路4915号,121.311885,31.011249,影视拍摄基地,12,松江区,121.227676,31.03257,14.6,多云,2025/12/24 10:00,,,AAA,20000,48,上海影视乐园有限公司,国有企业,管理
53,上海福泉山遗址景区,scenic_spot,重固镇福泉山路658号,121.177414,31.200192,古文化遗址,13,青浦区,121.124249,31.15098,14.4,多云,2025/12/24 10:00,,,AAA,3633,49,青浦区文旅局,政府机构,管理
54,上海金龟岛渔村,scenic_spot,金泽镇建国村,120.919368,31.042644,水乡渔村,13,青浦区,121.124249,31.15098,14.4,多云,2025/12/24 10:00,,,AAA,4700,50,金泽镇政府,政府机构,管理
55,碧海金沙水上乐园,scenic_spot,海湾旅游区海涵路6号,121.55368,30.819989,水上乐园,14,奉贤区,121.473945,30.918406,14.2,多云,2025/12/24 10:00,,,AAAA,43000,51,上海海湾旅游区开发有限公司,国有企业,管理
56,上海都市菜园,scenic_spot,海湾镇海兴路888号,121.589722,30.863064,农业观光园,14,奉贤区,121.473945,30.918406,14.2,多云,2025/12/24 10:00,,,AAAA,10700,52,上海都市菜园有限公司,国有企业,管理
57,上海海湾国家森林公园,scenic_spot,海湾镇随塘河路1677号,121.677554,30.863169,国家森林公园,14,奉贤区,121.473945,30.918406,14.2,多云,2025/12/24 10:00,,,AAAA,151778,53,上海海湾国家森林公园,事业单位,管理
58,上海玉穗绿苑,scenic_spot,金海公路2229号,121.495196,30.8847,生态观光园,14,奉贤区,121.473945,30.918406,14.2,多云,2025/12/24 10:00,,,AAA,14942,54,奉贤区农业农村委,政府机构,管理
59,上海庄行乡村旅游景区,scenic_spot,庄行镇南亭公路2865号,121.400461,30.903056,乡村旅游区,14,奉贤区,121.473945,30.918406,14.2,多云,2025/12/24 10:00,,,AAA,68100,55,庄行镇政府,政府机构,管理
60,东平国家森林公园,scenic_spot,东平林场,121.539097,31.671163,国家森林公园,15,崇明区,121.397662,31.623863,13.8,多云,2025/12/24 10:00,,,AAAA,114630,56,上海崇明东平国家森林公园,事业单位,管理
61,上海前卫村,scenic_spot,竖新镇前卫村801号,121.512596,31.71898,生态村,15,崇明区,121.397662,31.623863,13.8,多云,2025/12/24 10:00,,,AAAA,38350,57,前卫生态村,集体企业,管理
62,明珠湖·西沙湿地,scenic_spot,三星镇三华公路333号,121.257035,31.750321,湿地公园,15,崇明区,121.397662,31.623863,13.8,多云,2025/12/24 10:00,,,AAAA,108192,58,崇明西沙湿地管理所,政府机构,管理
63,上海瀛东生态村,scenic_spot,陈家镇瀛东村村民委员会,121.843353,31.463629,生态村,15,崇明区,121.397662,31.623863,13.8,多云,2025/12/24 10:00,,,AAA,7040,59,瀛东生态村,集体企业,管理
64,上海高家庄园乡村俱乐部,scenic_spot,港西镇港东公路999号,121.426645,31.680896,乡村俱乐部,15,崇明区,121.397662,31.623863,13.8,多云,2025/12/24 10:00,,,AAA,34090,60,高家庄园投资公司,民营企业,管理
65,上海瑞华果园,scenic_spot,新海镇北沿公路3172号7幢,121.331884,31.811328,果园观光,15,崇明区,121.397662,31.623863,13.8,多云,2025/12/24 10:00,,,AAA,21818,61,瑞华果业合作社,集体企业,管理
66,江南三民文化村,scenic_spot,林风公路2201号,121.498388,31.718382,民俗文化村,15,崇明区,121.397662,31.623863,13.8,多云,2025/12/24 10:00,,,AAA,13827,62,江南三民文化村,民营企业,管理
67,上海陈云故里·练塘古镇景区,scenic_spot,朱枫公路3516号,121.043851,31.007039,历史文化古镇,13,青浦区,121.124249,31.15098,14.4,多云,2025/12/24 10:00,,,AAAA,8981,49,青浦区文旅局,政府机构,管理
68,上海大观园,scenic_spot,金商路701号,121.124249,31.15098,红楼梦主题园,13,青浦区,121.124249,31.15098,14.4,多云,2025/12/24 10:00,,,AAAA,20000,63,上海大观园有限公司,国有企业,管理
69,朱家角古镇,scenic_spot,朱家角镇西井街84号,121.053978,31.112763,江南水乡古镇,13,青浦区,121.124249,31.15098,14.4,多云,2025/12/24 10:00,,,AAAA,33784,64,朱家角投资发展有限公司,国有企业,管理
70,上海市青少年校外活动营地-东方绿舟,scenic_spot,沪青平公路6888号,121.012163,31.104513,青少年活动基地,13,青浦区,121.124249,31.15098,14.4,多云,2025/12/24 10:00,,,AAAA,110188,65,上海东方绿舟,事业单位,管理
71,上海植物园,scenic_spot,龙吴路1111号,121.445328,31.147406,植物科普园,16,徐汇区,121.436307,31.188334,15,多云,2025/12/24 10:00,,,AAAA,104910,66,上海植物园,事业单位,管理
72,上海宋庆龄故居纪念馆,scenic_spot,淮海中路1843号,121.438748,31.204385,名人故居,16,徐汇区,121.436307,31.188334,15,多云,2025/12/24 10:00,,,AAAA,2500,67,宋庆龄故居纪念馆,事业单位,管理
73,上海马陆葡萄艺术村,scenic_spot,马陆镇大治东路285号,121.292764,31.347638,葡萄主题村,9,嘉定区,121.265276,31.375566,14.7,多云,2025/12/24 10:00,,,AAAA,10920,68,马陆镇政府,政府机构,管理
74,上海徐家汇源景区,scenic_spot,漕溪北路90号,121.441735,31.192148,历史文化街区,16,徐汇区,121.436307,31.188334,15,多云,2025/12/24 10:00,,,AAAA,95235,69,徐汇区文旅局,政府机构,管理
75,上海炮台湾景区,scenic_spot,塘后路206号,121.506409,31.39389,滨江湿地公园,8,宝山区,121.489431,31.405242,14.5,多云,2025/12/24 10:00,,,AAAA,23346,70,宝山区文旅局,政府机构,管理
76,上海宝山国际民间艺术博览馆景区,scenic_spot,沪太路4788号,121.381763,31.346163,民间艺术展馆,8,宝山区,121.489431,31.405242,14.5,多云,2025/12/24 10:00,,,AAAA,3000,71,上海宝山国际民间艺术博览馆,事业单位,管理
77,上海辰山植物园,scenic_spot,辰花路3888号,121.182682,31.075097,植物园,12,松江区,121.227676,31.03257,14.6,多云,2025/12/24 10:00,,,AAAA,94054,72,上海辰山植物园,事业单位,管理
78,上海醉白池公园,scenic_spot,人民南路64号,121.229986,31.001687,古典园林,12,松江区,121.227676,31.03257,14.6,多云,2025/12/24 10:00,,,AAA,10000,73,上海醉白池公园,事业单位,管理
79,上海联怡枇杷乐园,scenic_spot,外青松公路7168号,121.128038,31.126619,枇杷主题园,13,青浦区,121.124249,31.15098,14.4,多云,2025/12/24 10:00,,,AAA,10540,74,联怡果业合作社,集体企业,管理
80,上海金山嘴渔村,scenic_spot,沪杭公路6394号,121.375657,30.73211,渔村古镇,11,金山区,121.341774,30.742769,14.3,多云,2025/12/24 10:00,,,AAA,21000,75,金山嘴渔村发展有限公司,国有企业,管理
81,金罗店美兰湖景区,scenic_spot,罗芬路555弄21号,121.358866,31.398975,湖畔景区,8,宝山区,121.489431,31.405242,14.5,多云,2025/12/24 10:00,,,AAAA,50000,76,美兰湖投资发展有限公司,国有企业,管理
82,上海汽车博览公园,scenic_spot,博园路7001号,121.178922,31.279651,汽车主题公园,9,嘉定区,121.265276,31.375566,14.7,多云,2025/12/24 10:00,,,AAAA,140000,77,上海汽车博览公园,事业单位,管理
83,宏泰园,scenic_spot,浏翔公路3425号,121.298433,31.389949,生态观光园,9,嘉定区,121.265276,31.375566,14.7,多云,2025/12/24 10:00,,,AAA,12000,78,嘉定区农业农村委,政府机构,管理
84,上海葵园农家乐专业合作社,scenic_spot,书院镇东大公路4677号,121.887933,30.979228,农家乐,10,浦东新区,121.544346,31.221461,15.5,晴,2025/12/24 10:00,,,AAA,4122,79,书院镇农业合作社,集体企业,管理
85,多利农庄生态园,scenic_spot,川南奉公路7007号,121.769893,30.977324,生态农庄,10,浦东新区,121.544346,31.221461,15.5,晴,2025/12/24 10:00,,,AAA,10804,80,多利农庄投资公司,民营企业,管理
86,上海闻道园,scenic_spot,潘泾路2888号,121.35483,31.437658,古建筑园林,8,宝山区,121.489431,31.405242,14.5,多云,2025/12/24 10:00,,,AAAA,30000,81,上海闻道园投资管理公司,民营企业,管理
87,上海菲尼克斯生态园,scenic_spot,老朱枫公路6800弄168号,121.016903,30.962497,生态观光园,13,青浦区,121.124249,31.15098,14.4,多云,2025/12/24 10:00,,,AAA,3898,82,菲尼克斯生态园,民营企业,管理
88,上海游龙石文化科普馆,scenic_spot,川沙新镇新春路20号,121.693091,31.163005,石文化展馆,10,浦东新区,121.544346,31.221461,15.5,晴,2025/12/24 10:00,,,AAA,5000,83,游龙石文化发展公司,民营企业,管理
89,上海杜莎夫人蜡像馆,scenic_spot,南京西路2-68号新世界商厦10楼,121.473757,31.235268,蜡像展览馆,1,黄浦区,121.48442,31.231661,15.8,晴,2025/12/24 10:00,,,AAAA,23650,84,默林娱乐集团,外资企业,拥有
90,上海音乐谷景区,scenic_spot,溧阳路649号西楼三楼,121.490277,31.254513,音乐文化街区,5,虹口区,121.504994,31.264917,15.3,晴,2025/12/24 10:00,,,AAA,22840,11,上海虹口区文旅局,政府机构,管理
91,上海闵行体育公园,scenic_spot,新镇路456号,121.365919,31.145176,体育主题公园,7,闵行区,121.380857,31.112834,14.8,多云,2025/12/24 10:00,,,AAA,43348,85,上海闵行体育公园,事业单位,管理
92,上海韩湘水博园,scenic_spot,江川路3805号,121.332143,30.985811,水文化主题园,7,闵行区,121.380857,31.112834,14.8,多云,2025/12/24 10:00,,,AAA,6000,86,韩湘水博园投资公司,民营企业,管理
93,上海国际赛车场旅游景区,scenic_spot,伊宁路2199号,121.226035,31.329702,F1赛车场,9,嘉定区,121.265276,31.375566,14.7,多云,2025/12/24 10:00,,,AAAA,123600,87,上海国际赛车场经营公司,国有企业,管理
94,上海周浦花海景区,scenic_spot,周浦镇界浜村406号,121.645547,31.117619,花卉观赏园,10,浦东新区,121.544346,31.221461,15.5,晴,2025/12/24 10:00,,,AAA,15000,88,周浦镇政府,政府机构,管理
95,上海雪浪湖生态园,scenic_spot,新浜镇胡曹路699弄100号,121.087123,30.926408,生态休闲园,12,松江区,121.227676,31.03257,14.6,多云,2025/12/24 10:00,,,AAA,40000,89,雪浪湖生态园开发公司,民营企业,管理
96,上海紫海鹭缘景区,scenic_spot,北沿公路2018号,121.495611,31.67397,薰衣草主题园,15,崇明区,121.397662,31.623863,13.8,多云,2025/12/24 10:00,,,AAA,18000,90,紫海鹭缘投资公司,民营企业,管理
97,上海国际时尚中心,scenic_spot,杨树浦路2866号,121.557522,31.272492,文化创意园区,6,杨浦区,121.525409,31.259588,15.1,晴,2025/12/24 10:00,,,AAAA,30000,91,上海国际时尚中心,国有企业,管理
98,上海崧泽遗址博物馆,scenic_spot,沪青平公路3993号,121.163996,31.146944,古文化遗址博物馆,13,青浦区,121.124249,31.15098,14.4,多云,2025/12/24 10:00,,,AAA,5000,92,上海崧泽遗址博物馆,事业单位,管理
99,中共二大会址纪念馆,scenic_spot,老成都北路7弄30号,121.466693,31.224193,革命纪念馆,4,静安区,121.447348,31.227718,15.6,晴,2025/12/24 10:00,,,AAA,10000,93,中共二大会址纪念馆,事业单位,管理
100,上海富建酒店有限公司,hotel,七莘路1885号,121.360474,31.137714,商务酒店,7,闵行区,121.380857,31.112834,14.8,多云,2025/12/24 10:00,5星级,280,,,94,上海富建酒店有限公司,民营企业,拥有
101,上海烟草集团闵行烟草糖酒有限公司金燕大厦,hotel,春申路3800号,121.38645,31.100358,商务酒店,7,闵行区,121.380857,31.112834,14.8,多云,2025/12/24 10:00,3星级,150,,,95,上海烟草集团,国有企业,拥有
102,紫藤宾馆,hotel,东川路3050号,121.382655,31.004889,校园宾馆,7,闵行区,121.380857,31.112834,14.8,多云,2025/12/24 10:00,3星级,120,,,96,上海交通大学,事业单位,拥有
103,上海莘城宾馆,hotel,凯城路199号,121.384376,31.102575,商务宾馆,7,闵行区,121.380857,31.112834,14.8,多云,2025/12/24 10:00,3星级,95,,,97,上海莘城宾馆,民营企业,拥有
104,上海雍和宾馆有限公司,hotel,顾戴路85号,121.406531,31.145932,商务宾馆,7,闵行区,121.380857,31.112834,14.8,多云,2025/12/24 10:00,3星级,108,,,98,上海雍和酒店管理公司,民营企业,拥有
105,上海九宇宾馆有限公司,hotel,莘西路299号,121.373103,31.105123,经济型宾馆,7,闵行区,121.380857,31.112834,14.8,多云,2025/12/24 10:00,2星级,85,,,99,上海九宇酒店管理公司,民营企业,拥有
106,上海南亚宾馆有限公司,hotel,沪闵路280号,121.421823,31.007747,商务宾馆,7,闵行区,121.380857,31.112834,14.8,多云,2025/12/24 10:00,2星级,72,,,100,上海南亚宾馆,民营企业,拥有
107,宝钢集团宝山宾馆,hotel,牡丹江路1813号,121.480858,31.40943,企业宾馆,8,宝山区,121.489431,31.405242,14.5,多云,2025/12/24 10:00,4星级,180,,,101,宝钢集团,国有企业,拥有
108,上海紫薇悦园会务管理有限公司,hotel,沪太路4788号,121.385189,31.344728,会务酒店,8,宝山区,121.489431,31.405242,14.5,多云,2025/12/24 10:00,4星级,200,,,102,上海紫薇酒店管理公司,民营企业,拥有
109,上海金仓永华酒店管理有限公司,hotel,水产路2659号,121.440971,31.365666,商务酒店,8,宝山区,121.489431,31.405242,14.5,多云,2025/12/24 10:00,4星级,165,,,103,上海金仓永华酒店,民营企业,拥有
110,上海金富门酒店有限公司,hotel,牡丹江路1285号,121.487907,31.395539,商务酒店,8,宝山区,121.489431,31.405242,14.5,多云,2025/12/24 10:00,3星级,125,,,104,上海金富门酒店,民营企业,拥有
111,上海北翼大酒店,hotel,淞滨路600号,121.494124,31.372032,商务酒店,8,宝山区,121.489431,31.405242,14.5,多云,2025/12/24 10:00,3星级,135,,,105,上海北翼酒店管理公司,民营企业,拥有
112,上海华方实业有限公司华方大酒店,hotel,沪太路7098号,121.424067,31.294668,商务酒店,8,宝山区,121.489431,31.405242,14.5,多云,2025/12/24 10:00,1星级,60,,,106,上海华方实业,民营企业,拥有
113,上海南郊宾馆有限公司,hotel,南桥新城望园路8号,121.475946,30.952082,商务宾馆,14,奉贤区,121.473945,30.918406,14.2,多云,2025/12/24 10:00,5星级,300,,,107,上海南郊宾馆,国有企业,拥有
114,上海悦华大酒店,hotel,南桥镇江海路88号,121.458472,30.904779,商务酒店,14,奉贤区,121.473945,30.918406,14.2,多云,2025/12/24 10:00,5星级,265,,,108,上海悦华酒店管理公司,民营企业,拥有
115,上海新发展圣淘沙大酒店有限公司,hotel,南桥镇南桥路1号,121.456329,30.910973,度假酒店,14,奉贤区,121.473945,30.918406,14.2,多云,2025/12/24 10:00,4星级,220,,,109,上海新发展集团,民营企业,拥有
116,上海海景海港大酒店有限公司,hotel,海杰路1588号,121.740923,30.900478,海景酒店,14,奉贤区,121.473945,30.918406,14.2,多云,2025/12/24 10:00,4星级,185,,,110,上海海景海港酒店,民营企业,拥有
117,上海新发展酒店管理有限公司,hotel,南桥镇解放中路276号,121.462074,30.917409,商务酒店,14,奉贤区,121.473945,30.918406,14.2,多云,2025/12/24 10:00,3星级,145,,,109,上海新发展集团,民营企业,拥有
118,上海宏达山庄有限公司,hotel,奉城镇南奉公路255号,121.633427,30.911892,度假山庄,14,奉贤区,121.473945,30.918406,14.2,多云,2025/12/24 10:00,2星级,80,,,111,上海宏达山庄,民营企业,拥有
119,上海兴国宾馆,hotel,兴国路78号,121.434555,31.209827,园林式宾馆,2,长宁区,121.424751,31.220537,15.2,多云,2025/12/24 10:00,5星级,180,,,14,锦江国际集团,国有企业,拥有
120,上海长峰酒店管理有限公司,hotel,延安西路1116号,121.430272,31.210169,商务酒店,2,长宁区,121.424751,31.220537,15.2,多云,2025/12/24 10:00,5星级,360,,,112,上海龙之梦酒店管理公司,民营企业,拥有
121,上海扬子江万丽大酒店,hotel,延安西路2099号,121.406243,31.20292,豪华酒店,2,长宁区,121.424751,31.220537,15.2,多云,2025/12/24 10:00,5星级,520,,,14,锦江国际集团,国有企业,拥有
122,虹桥喜来登上海太平洋大饭店有限公司,hotel,遵义南路5号,121.405597,31.203675,国际品牌酒店,2,长宁区,121.424751,31.220537,15.2,多云,2025/12/24 10:00,5星级,498,,,113,喜达屋酒店集团,外资企业,合作
123,上海海鸥国际酒店投资管理有限公司,hotel,延安西路2588号,121.395043,31.197128,商务酒店,2,长宁区,121.424751,31.220537,15.2,多云,2025/12/24 10:00,5星级,345,,,14,锦江国际集团,国有企业,拥有
124,上海西郊宾馆,hotel,虹桥路1921号,121.379409,31.20241,国宾馆,2,长宁区,121.424751,31.220537,15.2,多云,2025/12/24 10:00,5星级,268,,,14,锦江国际集团,国有企业,拥有
125,上海虹桥迎宾馆,hotel,虹桥路1591号,121.39562,31.202195,国宾馆,2,长宁区,121.424751,31.220537,15.2,多云,2025/12/24 10:00,5星级,235,,,14,锦江国际集团,国有企业,拥有
126,上海紫泰酒店管理有限公司,hotel,虹桥路2270号,121.376854,31.191522,豪华酒店,2,长宁区,121.424751,31.220537,15.2,多云,2025/12/24 10:00,5星级,408,,,114,万豪国际集团,外资企业,合作
127,上海银星皇冠假日酒店,hotel,番禺路400号,121.429698,31.203014,国际品牌酒店,2,长宁区,121.424751,31.220537,15.2,多云,2025/12/24 10:00,5星级,300,,,115,洲际酒店集团,外资企业,合作
128,上海龙之梦酒店管理有限公司,hotel,长宁路1018号,121.416611,31.219131,商务酒店,2,长宁区,121.424751,31.220537,15.2,多云,2025/12/24 10:00,5星级,450,,,114,万豪国际集团,外资企业,合作
129,上海裕昌房产发展有限公司,hotel,延安西路488号,121.437008,31.217576,商务酒店,2,长宁区,121.424751,31.220537,15.2,多云,2025/12/24 10:00,5星级,288,,,14,锦江国际集团,国有企业,拥有
130,上海虹桥宾馆有限公司,hotel,延安西路2000号,121.410014,31.203973,商务宾馆,2,长宁区,121.424751,31.220537,15.2,多云,2025/12/24 10:00,4星级,185,,,116,上海美仑酒店,民营企业,拥有
131,上海美仑大酒店有限公司,hotel,武夷路789号,121.413217,31.214471,精品酒店,2,长宁区,121.424751,31.220537,15.2,多云,2025/12/24 10:00,4星级,155,,,117,上海君亭酒店管理公司,民营企业,拥有
132,上海君丽大酒店管理有限公司,hotel,遵义南路448号,121.406259,31.204726,商务酒店,2,长宁区,121.424751,31.220537,15.2,多云,2025/12/24 10:00,4星级,175,,,118,上海三湘实业,民营企业,拥有
133,上海三湘大厦,hotel,中山西路1243号,121.418147,31.194218,商务楼宇酒店,2,长宁区,121.424751,31.220537,15.2,多云,2025/12/24 10:00,3星级,128,,,119,上海绿洲企业,民营企业,拥有
134,上海绿洲企业发展有限公司,hotel,中山西路555号,121.412676,31.213891,商务酒店,2,长宁区,121.424751,31.220537,15.2,多云,2025/12/24 10:00,3星级,95,,,120,上海机场集团,国有企业,拥有
135,上海国际机场宾馆,hotel,虹桥机场迎宾一路368号,121.351951,31.193176,机场宾馆,2,长宁区,121.424751,31.220537,15.2,多云,2025/12/24 10:00,3星级,220,,,14,锦江国际集团,国有企业,拥有
136,上海锦江达华宾馆有限公司,hotel,延安西路918号,121.432291,31.213434,商务宾馆,2,长宁区,121.424751,31.220537,15.2,多云,2025/12/24 10:00,3星级,118,,,120,上海机场集团,国有企业,拥有
137,上海航友宾馆,hotel,迎宾一路425号,121.349965,31.192973,航空宾馆,2,长宁区,121.424751,31.220537,15.2,多云,2025/12/24 10:00,3星级,165,,,14,锦江国际集团,国有企业,拥有
138,上海兴华宾馆,hotel,华山路1226号,121.433399,31.210179,商务宾馆,2,长宁区,121.424751,31.220537,15.2,多云,2025/12/24 10:00,3星级,88,,,121,上海虹桥云峰宾馆,民营企业,拥有
139,上海虹桥云峰宾馆,hotel,虹桥路1665号,121.392872,31.200697,商务宾馆,2,长宁区,121.424751,31.220537,15.2,多云,2025/12/24 10:00,3星级,105,,,121,上海虹桥云峰宾馆,民营企业,拥有
140,上海大厦,hotel,北苏州路20号,121.48995,31.244361,历史名楼,5,虹口区,121.504994,31.264917,15.3,晴,2025/12/24 10:00,5星级,258,,,14,锦江国际集团,国有企业,拥有
141,上海新世纪酒店发展有限公司,hotel,曲阳路1000号,121.490974,31.292411,商务酒店,5,虹口区,121.504994,31.264917,15.3,晴,2025/12/24 10:00,4星级,188,,,122,上海新世纪酒店,民营企业,拥有
142,海鸥饭店,hotel,黄浦路60号,121.491707,31.244571,历史饭店,5,虹口区,121.504994,31.264917,15.3,晴,2025/12/24 10:00,4星级,145,,,14,锦江国际集团,国有企业,拥有
143,上海远洋宾馆有限公司,hotel,东大明路1171号,121.510034,31.25254,商务宾馆,5,虹口区,121.504994,31.264917,15.3,晴,2025/12/24 10:00,4星级,168,,,123,上海远洋宾馆,国有企业,拥有
144,上海宝隆宾馆有限公司,hotel,逸仙路180号,121.487696,31.296734,豪华酒店,5,虹口区,121.504994,31.264917,15.3,晴,2025/12/24 10:00,4星级,285,,,14,锦江国际集团,国有企业,拥有
145,上海九龙宾馆有限公司,hotel,溧阳路601号,121.492083,31.253932,商务宾馆,5,虹口区,121.504994,31.264917,15.3,晴,2025/12/24 10:00,4星级,205,,,124,上海九龙宾馆,民营企业,拥有
146,上海海烟烟草糖酒有限公司,hotel,保定路325号,121.50976,31.258459,企业宾馆,5,虹口区,121.504994,31.264917,15.3,晴,2025/12/24 10:00,3星级,128,,,95,上海烟草集团,国有企业,拥有
147,浦江饭店,hotel,黄浦路15号,121.483462,31.247648,历史名店,5,虹口区,121.504994,31.264917,15.3,晴,2025/12/24 10:00,3星级,108,,,14,锦江国际集团,国有企业,拥有
148,上海天鹅宾馆,hotel,四川北路2211号,121.482087,31.268315,商务宾馆,5,虹口区,121.504994,31.264917,15.3,晴,2025/12/24 10:00,3星级,95,,,125,上海天鹅宾馆,民营企业,拥有
149,上海锦江国际酒店发展股份有限公司,hotel,天潼路422号,121.485434,31.245268,商务酒店,5,虹口区,121.504994,31.264917,15.3,晴,2025/12/24 10:00,3星级,135,,,14,锦江国际集团,国有企业,拥有
150,上海大庆石油大厦,hotel,中山北二路1515号,121.496258,31.285213,企业大厦,5,虹口区,121.504994,31.264917,15.3,晴,2025/12/24 10:00,3星级,118,,,126,中石油集团,国有企业,拥有
151,上海酒钢大酒店有限公司,hotel,东体育会路996号,121.489024,31.286628,商务酒店,5,虹口区,121.504994,31.264917,15.3,晴,2025/12/24 10:00,2星级,85,,,127,上海酒钢大酒店,国有企业,拥有
152,上海上外国际文化交流中心,hotel,赤峰路555号,121.4835,31.282025,校园宾馆,5,虹口区,121.504994,31.264917,15.3,晴,2025/12/24 10:00,2星级,75,,,128,上海外国语大学,事业单位,拥有
153,上海复旦国际学术交流中心有限公司,hotel,邯郸路199号,121.502401,31.29512,校园酒店,6,杨浦区,121.525409,31.259588,15.1,晴,2025/12/24 10:00,5星级,315,,,115,洲际酒店集团,外资企业,合作
154,上海瀚海明玉大酒店有限公司,hotel,周家嘴路1888号,121.515105,31.265654,豪华酒店,6,杨浦区,121.525409,31.259588,15.1,晴,2025/12/24 10:00,4星级,268,,,129,上海瀚海明玉酒店,民营企业,拥有
155,上海迪顺酒店管理有限公司,hotel,彰武路50号,121.508184,31.281241,商务酒店,6,杨浦区,121.525409,31.259588,15.1,晴,2025/12/24 10:00,4星级,195,,,130,上海同济君禧酒店,民营企业,拥有
156,上海甸园宾馆有限公司,hotel,长阳路2558号,121.545911,31.275538,商务宾馆,6,杨浦区,121.525409,31.259588,15.1,晴,2025/12/24 10:00,4星级,178,,,131,上海甸园宾馆,民营企业,拥有
157,上海同济迎宾馆有限公司,hotel,彰武路69号,121.510643,31.281782,校园宾馆,6,杨浦区,121.525409,31.259588,15.1,晴,2025/12/24 10:00,3星级,125,,,132,同济大学,事业单位,拥有
158,上海林景实业有限公司,hotel,长阳路1691号,121.536052,31.270764,商务宾馆,6,杨浦区,121.525409,31.259588,15.1,晴,2025/12/24 10:00,3星级,98,,,133,上海华晶宾馆,民营企业,拥有
159,上海复理管理咨询公司,hotel,邯郸路220号,121.502871,31.297025,校园宾馆,6,杨浦区,121.525409,31.259588,15.1,晴,2025/12/24 10:00,3星级,88,,,134,复旦大学,事业单位,拥有
160,上海凤凰大酒店,hotel,控江路1690号,121.514862,31.274466,商务酒店,6,杨浦区,121.525409,31.259588,15.1,晴,2025/12/24 10:00,3星级,148,,,135,上海凤凰大酒店,民营企业,拥有
161,上海白玉兰宾馆有限公司,hotel,四平路1251号,121.504777,31.28541,商务宾馆,6,杨浦区,121.525409,31.259588,15.1,晴,2025/12/24 10:00,3星级,105,,,136,上海白玉兰宾馆,民营企业,拥有
162,上海长城饭店有限公司,hotel,眉州路272号,121.53619,31.260791,商务饭店,6,杨浦区,121.525409,31.259588,15.1,晴,2025/12/24 10:00,2星级,75,,,137,上海长城饭店,民营企业,拥有
163,上海天益宾馆,hotel,四平路1805号,121.509028,31.289199,经济型宾馆,6,杨浦区,121.525409,31.259588,15.1,晴,2025/12/24 10:00,2星级,68,,,138,上海天益宾馆,民营企业,拥有
164,上海新崇大酒店有限公司,hotel,城桥镇鼓浪屿路777号,121.417051,31.637834,商务酒店,15,崇明区,121.397662,31.623863,13.8,多云,2025/12/24 10:00,4星级,258,,,139,上海新崇大酒店,民营企业,拥有
165,上海顺利大酒店有限公司,hotel,城桥镇新崇南路38号,121.399562,31.62077,商务酒店,15,崇明区,121.397662,31.623863,13.8,多云,2025/12/24 10:00,3星级,168,,,140,上海顺利大酒店,民营企业,拥有
166,上海天鹤大酒店有限公司,hotel,城桥镇南门路178号,121.395951,31.619376,商务酒店,15,崇明区,121.397662,31.623863,13.8,多云,2025/12/24 10:00,3星级,145,,,141,上海天鹤大酒店,民营企业,拥有
167,崇明县人民政府招待所,hotel,城桥镇新崇南路68号,121.399051,31.620123,政府宾馆,15,崇明区,121.397662,31.623863,13.8,多云,2025/12/24 10:00,3星级,98,,,142,崇明县政府,政府机构,拥有
168,上海先丰宾馆有限公司,hotel,长兴岛凤滨路663号A座,121.67013,31.393992,商务宾馆,15,崇明区,121.397662,31.623863,13.8,多云,2025/12/24 10:00,2星级,85,,,143,上海先丰宾馆,民营企业,拥有
169,上海乐岛宾馆有限公司,hotel,城桥镇新崇南路89号,121.398229,31.619861,经济型宾馆,15,崇明区,121.397662,31.623863,13.8,多云,2025/12/24 10:00,2星级,72,,,144,上海乐岛宾馆,民营企业,拥有
170,上海思致酒店管理有限公司,hotel,长兴乡凤凰公路38号,121.688568,31.380062,商务宾馆,15,崇明区,121.397662,31.623863,13.8,多云,2025/12/24 10:00,2星级,65,,,145,上海思致酒店,民营企业,拥有
171,上海商城上海波特曼丽嘉酒店,hotel,南京西路1376号,121.451874,31.22681,超豪华酒店,4,静安区,121.447348,31.227718,15.6,晴,2025/12/24 10:00,5星级,578,,,114,万豪国际集团,外资企业,合作
172,静安希尔顿饭店,hotel,华山路250号,121.44545,31.21928,国际品牌酒店,4,静安区,121.447348,31.227718,15.6,晴,2025/12/24 10:00,5星级,425,,,146,希尔顿集团,外资企业,合作
173,上海上实南洋大酒店有限公司,hotel,威海路500号,121.461992,31.227315,豪华酒店,4,静安区,121.447348,31.227718,15.6,晴,2025/12/24 10:00,5星级,398,,,14,锦江国际集团,国有企业,拥有
174,上海静安城建配套发展公司,hotel,愚园路1号,121.447118,31.224827,商务酒店,4,静安区,121.447348,31.227718,15.6,晴,2025/12/24 10:00,5星级,328,,,147,上海宏安瑞士酒店,民营企业,拥有
175,上海宾馆有限公司,hotel,乌鲁木齐北路505号,121.44377,31.218078,历史名店,4,静安区,121.447348,31.227718,15.6,晴,2025/12/24 10:00,4星级,208,,,14,锦江国际集团,国有企业,拥有
176,上海国际贵都大饭店,hotel,延安西路65号,121.44484,31.220179,商务酒店,4,静安区,121.447348,31.227718,15.6,晴,2025/12/24 10:00,4星级,245,,,148,上海国际贵都饭店,民营企业,拥有
177,上海延安饭店,hotel,延安中路1111号,121.44829,31.220481,商务饭店,4,静安区,121.447348,31.227718,15.6,晴,2025/12/24 10:00,4星级,185,,,14,锦江国际集团,国有企业,拥有
178,上海美丽园大酒店有限公司,hotel,延安西路396号,121.437869,31.218424,商务酒店,4,静安区,121.447348,31.227718,15.6,晴,2025/12/24 10:00,4星级,268,,,149,上海美丽园酒店,民营企业,拥有
179,上海陕西商务酒店有限公司,hotel,延安中路658号,121.461642,31.224403,商务酒店,4,静安区,121.447348,31.227718,15.6,晴,2025/12/24 10:00,4星级,198,,,150,上海陕西商务酒店,民营企业,拥有
180,上海吉林实业有限公司,hotel,万航渡路818号,121.429571,31.227843,商务酒店,4,静安区,121.447348,31.227718,15.6,晴,2025/12/24 10:00,4星级,175,,,151,上海吉臣酒店,民营企业,拥有
181,上海泛洋城市度假村有限责任公司,hotel,余姚路55号,121.442844,31.236563,度假酒店,4,静安区,121.447348,31.227718,15.6,晴,2025/12/24 10:00,3星级,148,,,152,上海泛洋度假村,民营企业,拥有
182,上海银发大酒店有限公司,hotel,北京西路1068号,121.454339,31.230282,商务酒店,4,静安区,121.447348,31.227718,15.6,晴,2025/12/24 10:00,3星级,128,,,153,上海银发大酒店,民营企业,拥有
183,上海云峰大饭店,hotel,北京西路1700号,121.443075,31.225974,商务饭店,4,静安区,121.447348,31.227718,15.6,晴,2025/12/24 10:00,3星级,118,,,154,上海云峰大饭店,民营企业,拥有
184,沪纺大厦,hotel,陕西北路670号,121.451214,31.233746,商务楼宇,4,静安区,121.447348,31.227718,15.6,晴,2025/12/24 10:00,3星级,95,,,155,上海纺织集团,国有企业,拥有
185,上海良友饭店,hotel,南苏州路1455号,121.461369,31.240004,商务饭店,4,静安区,121.447348,31.227718,15.6,晴,2025/12/24 10:00,2星级,88,,,14,锦江国际集团,国有企业,拥有
186,襄阳饭店,hotel,襄阳北路3号,121.4543,31.220569,经济型饭店,4,静安区,121.447348,31.227718,15.6,晴,2025/12/24 10:00,2星级,65,,,14,锦江国际集团,国有企业,拥有
187,上海建四实业有限公司,hotel,新闸路1933号,121.441621,31.226222,商务楼宇,4,静安区,121.447348,31.227718,15.6,晴,2025/12/24 10:00,2星级,72,,,156,上海建工集团,国有企业,拥有
188,上海宏泉酒店管理公司,hotel,桃浦路210号,121.397591,31.260808,商务酒店,3,普陀区,121.39547,31.249618,14.9,多云,2025/12/24 10:00,5星级,358,,,157,温德姆酒店集团,外资企业,合作
189,上海新发展大酒店有限公司,hotel,大渡河路158号,121.397075,31.259178,豪华酒店,3,普陀区,121.39547,31.249618,14.9,多云,2025/12/24 10:00,5星级,428,,,114,万豪国际集团,外资企业,合作
190,上海古井金豪酒店管理有限公司,hotel,长寿路700号,121.43335,31.237947,商务酒店,3,普陀区,121.39547,31.249618,14.9,多云,2025/12/24 10:00,4星级,268,,,115,洲际酒店集团,外资企业,合作
191,上海江苏饭店有限公司,hotel,武宁路888号,121.412321,31.245852,商务饭店,3,普陀区,121.39547,31.249618,14.9,多云,2025/12/24 10:00,4星级,195,,,14,锦江国际集团,国有企业,拥有
192,上海金沙江大酒店有限公司,hotel,怒江路257号,121.398489,31.231013,商务酒店,3,普陀区,121.39547,31.249618,14.9,多云,2025/12/24 10:00,3星级,148,,,158,上海金沙江大酒店,民营企业,拥有
193,上海金山宾馆有限公司,hotel,石化金一东路1号,121.343742,30.714949,商务宾馆,11,金山区,121.341774,30.742769,14.3,多云,2025/12/24 10:00,3星级,128,,,159,上海金山宾馆,国有企业,拥有
194,上海新长龄大酒店有限公司,hotel,枫泾镇枫湾路798号,121.01462,30.898845,商务酒店,11,金山区,121.341774,30.742769,14.3,多云,2025/12/24 10:00,3星级,158,,,160,上海新长龄大酒店,民营企业,拥有
195,上海金来源酒店管理有限公司,hotel,张堰镇松金公路2525号,121.289279,30.803332,商务酒店,11,金山区,121.341774,30.742769,14.3,多云,2025/12/24 10:00,3星级,138,,,161,上海金来源酒店,民营企业,拥有
196,上海钱龙实业有限公司,hotel,金山大道3398号,121.318299,30.733133,商务酒店,11,金山区,121.341774,30.742769,14.3,多云,2025/12/24 10:00,3星级,168,,,162,上海钱龙实业,民营企业,拥有
197,上海广缘大酒店,hotel,朱泾镇罗星南路528号,121.169231,30.89022,商务酒店,11,金山区,121.341774,30.742769,14.3,多云,2025/12/24 10:00,3星级,145,,,163,上海广缘大酒店,民营企业,拥有
198,上海湘港大酒店有限公司,hotel,石化沪杭公路8484弄3号,121.337454,30.71788,商务酒店,11,金山区,121.341774,30.742769,14.3,多云,2025/12/24 10:00,2星级,95,,,164,上海湘港大酒店,民营企业,拥有
199,上海隆盛餐饮服务有限公司,hotel,石化隆平路759号,121.337019,30.718506,经济型酒店,11,金山区,121.341774,30.742769,14.3,多云,2025/12/24 10:00,2星级,85,,,165,上海隆盛餐饮,民营企业,拥有
200,上海连通大酒店有限公司,hotel,漕泾镇军民路2号,121.407519,30.796286,商务酒店,11,金山区,121.341774,30.742769,14.3,多云,2025/12/24 10:00,2星级,78,,,166,上海连通大酒店,民营企业,拥有
201,上海爱丁堡大酒店有限公司,hotel,石化龙胜路129号,121.348731,30.726111,商务酒店,11,金山区,121.341774,30.742769,14.3,多云,2025/12/24 10:00,2星级,88,,,167,上海爱丁堡大酒店,民营企业,拥有
202,上海金皇朝大酒店有限公司,hotel,枫泾镇泾波路128号,121.014191,30.89109,商务酒店,11,金山区,121.341774,30.742769,14.3,多云,2025/12/24 10:00,2星级,92,,,168,上海金皇朝大酒店,民营企业,拥有
203,上海碧丽宫大酒店有限公司,hotel,亭林镇南亭公路6289号,121.313651,30.882734,商务酒店,11,金山区,121.341774,30.742769,14.3,多云,2025/12/24 10:00,2星级,82,,,169,上海碧丽宫大酒店,民营企业,拥有
204,上海耀达房地产开发有限公司,hotel,恒丰路500号,121.453426,31.244713,豪华酒店,4,静安区,121.447348,31.227718,15.6,晴,2025/12/24 10:00,5星级,498,,,115,洲际酒店集团,外资企业,合作
205,上海广场长城假日酒店,hotel,恒丰路585号,121.453356,31.24725,国际品牌酒店,4,静安区,121.447348,31.227718,15.6,晴,2025/12/24 10:00,4星级,365,,,115,洲际酒店集团,外资企业,合作
206,上海中祥大酒店有限公司,hotel,中兴路1558号,121.457315,31.252074,商务酒店,4,静安区,121.447348,31.227718,15.6,晴,2025/12/24 10:00,4星级,288,,,170,上海中祥大酒店,民营企业,拥有
207,上海锦荣国际大酒店有限公司,hotel,共和新路2750号,121.451259,31.283877,商务酒店,4,静安区,121.447348,31.227718,15.6,晴,2025/12/24 10:00,4星级,245,,,171,上海锦荣国际大酒店,民营企业,拥有
208,上海金水湾大酒店有限公司,hotel,恒丰路308号,121.455921,31.242399,商务酒店,4,静安区,121.447348,31.227718,15.6,晴,2025/12/24 10:00,4星级,268,,,172,上海金水湾大酒店,民营企业,拥有
209,上海华东大酒店有限公司,hotel,天目西路111号,121.457832,31.246494,商务酒店,4,静安区,121.447348,31.227718,15.6,晴,2025/12/24 10:00,3星级,185,,,173,上海华东大酒店,民营企业,拥有
210,上海中土酒店有限责任公司,hotel,共和新路666号,121.463363,31.254354,商务酒店,4,静安区,121.447348,31.227718,15.6,晴,2025/12/24 10:00,3星级,158,,,174,中国中铁,国有企业,拥有
211,上海新民大酒店,hotel,沪太路701号,121.446731,31.263633,商务酒店,4,静安区,121.447348,31.227718,15.6,晴,2025/12/24 10:00,3星级,148,,,175,上海新民大酒店,民营企业,拥有
212,上海圣贤居酒店有限公司,hotel,中兴路1032号,121.467031,31.252489,商务酒店,4,静安区,121.447348,31.227718,15.6,晴,2025/12/24 10:00,2星级,95,,,176,上海圣贤居酒店,民营企业,拥有
213,上海紫金东悦酒店有限公司,hotel,永兴路669号,121.464706,31.250992,商务酒店,4,静安区,121.447348,31.227718,15.6,晴,2025/12/24 10:00,2星级,88,,,177,上海紫金东悦酒店,民营企业,拥有
214,上海朱家角皇家郁金香花园酒店,hotel,朱家角镇浦祥路79号,121.045728,31.105825,度假酒店,13,青浦区,121.124249,31.15098,14.4,多云,2025/12/24 10:00,5星级,328,,,14,锦江国际集团,国有企业,拥有
215,上海蓝溪房地产开发公司,hotel,沪青平公路2000号,121.270938,31.16607,度假酒店,13,青浦区,121.124249,31.15098,14.4,多云,2025/12/24 10:00,4星级,268,,,115,洲际酒店集团,外资企业,合作
216,上海迪利特大酒店,hotel,华新镇华腾路288号,121.231542,31.238338,商务酒店,13,青浦区,121.124249,31.15098,14.4,多云,2025/12/24 10:00,4星级,198,,,178,上海迪利特大酒店,民营企业,拥有
217,上海群略商务发展有限公司,hotel,城中北路79号,121.111136,31.148346,商务宾馆,13,青浦区,121.124249,31.15098,14.4,多云,2025/12/24 10:00,3星级,148,,,179,青浦区政府,政府机构,拥有
218,中国石化集团资产经营管理有限公司,hotel,沪青平公路8700号,120.915756,31.060651,会议中心,13,青浦区,121.124249,31.15098,14.4,多云,2025/12/24 10:00,3星级,225,,,180,中石化集团,国有企业,拥有
219,上海静安置业集团,hotel,金泽镇沪青平公路8185号,120.949881,31.073364,度假村,13,青浦区,121.124249,31.15098,14.4,多云,2025/12/24 10:00,3星级,158,,,181,上海静安置业集团,国有企业,拥有
220,上海南华苑度假村有限公司,hotel,华腾路969号,121.222159,31.236219,度假村,13,青浦区,121.124249,31.15098,14.4,多云,2025/12/24 10:00,3星级,168,,,182,上海南华苑度假村,民营企业,拥有
221,上海东方绿舟度假村有限公司,hotel,沪青平公路6888号,121.012163,31.104513,度假村,13,青浦区,121.124249,31.15098,14.4,多云,2025/12/24 10:00,3星级,258,,,65,上海东方绿舟,事业单位,拥有
222,上海电信实业集团有限公司,hotel,金商路111号,121.124249,31.15098,商务酒店,13,青浦区,121.124249,31.15098,14.4,多云,2025/12/24 10:00,3星级,185,,,183,上海电信集团,国有企业,拥有
223,上海机场集团培训管理有限公司,hotel,沪青平公路6658号,121.034922,31.102649,培训中心,13,青浦区,121.124249,31.15098,14.4,多云,2025/12/24 10:00,3星级,138,,,120,上海机场集团,国有企业,拥有
224,上海市纺织职工淀山湖疗养院,hotel,西岑练西路4085号,120.968767,31.061342,疗养院,13,青浦区,121.124249,31.15098,14.4,多云,2025/12/24 10:00,3星级,128,,,155,上海纺织集团,国有企业,拥有
225,上海财苑宾馆,hotel,朱家角镇新溪路100号,121.0573,31.109395,商务宾馆,13,青浦区,121.124249,31.15098,14.4,多云,2025/12/24 10:00,3星级,95,,,184,上海财苑宾馆,民营企业,拥有
226,上海园湖苑宾馆,hotel,青商路258号,120.916385,31.066694,商务宾馆,13,青浦区,121.124249,31.15098,14.4,多云,2025/12/24 10:00,2星级,75,,,185,上海园湖苑宾馆,民营企业,拥有
227,上海好家福酒店,hotel,沪青平公路1915号,121.276763,31.166363,经济型酒店,13,青浦区,121.124249,31.15098,14.4,多云,2025/12/24 10:00,2星级,68,,,186,上海好家福酒店,民营企业,拥有
228,上海青浦人家商务发展有限公司,hotel,崧泽大道9168号,121.121673,31.176453,商务酒店,13,青浦区,121.124249,31.15098,14.4,多云,2025/12/24 10:00,2星级,82,,,187,上海青浦人家,民营企业,拥有
229,上海蛛街阁大酒店有限公司,hotel,祥凝浜路102-124号,121.064303,31.108022,商务酒店,13,青浦区,121.124249,31.15098,14.4,多云,2025/12/24 10:00,2星级,78,,,188,上海朱街阁大酒店,民营企业,拥有
230,上海华亭宾馆有限公司,hotel,漕溪北路1200号,121.43543,31.18135,豪华宾馆,16,徐汇区,121.436307,31.188334,15,多云,2025/12/24 10:00,5星级,458,,,14,锦江国际集团,国有企业,拥有
231,上海国际网球中心酒店管理有限公司,hotel,衡山路516号,121.443703,31.201729,豪华酒店,16,徐汇区,121.436307,31.188334,15,多云,2025/12/24 10:00,5星级,385,,,14,锦江国际集团,国有企业,拥有
232,上海市衡山集团公司,hotel,衡山路534号,121.44317,31.200772,历史名店,16,徐汇区,121.436307,31.188334,15,多云,2025/12/24 10:00,5星级,368,,,14,锦江国际集团,国有企业,拥有
233,上海建国宾馆有限公司,hotel,漕溪北路439号,121.438015,31.189721,商务宾馆,16,徐汇区,121.436307,31.188334,15,多云,2025/12/24 10:00,4星级,268,,,14,锦江国际集团,国有企业,拥有
234,上海体育场酒店管理有限公司,hotel,零陵路800号,121.440169,31.182835,体育主题酒店,16,徐汇区,121.436307,31.188334,15,多云,2025/12/24 10:00,4星级,295,,,14,锦江国际集团,国有企业,拥有
235,上海光大会展中心有限公司,hotel,漕宝路66号,121.42903,31.167602,会展酒店,16,徐汇区,121.436307,31.188334,15,多云,2025/12/24 10:00,4星级,358,,,189,上海光大会展中心,国有企业,拥有
236,上海斯波特体育发展有限公司,hotel,南丹路15号,121.435537,31.189336,体育主题酒店,16,徐汇区,121.436307,31.188334,15,多云,2025/12/24 10:00,4星级,248,,,190,上海斯波特体育,民营企业,拥有
237,青松城大酒店,hotel,东安路8号,121.44935,31.198598,商务酒店,16,徐汇区,121.436307,31.188334,15,多云,2025/12/24 10:00,4星级,228,,,191,上海青松城酒店,民营企业,拥有
238,上海奥林匹克俱乐部,hotel,中山南二路1800号,121.439457,31.179583,体育俱乐部酒店,16,徐汇区,121.436307,31.188334,15,多云,2025/12/24 10:00,4星级,185,,,192,上海奥林匹克俱乐部,民营企业,拥有
239,上海嘉汇华美达大酒店有限公司,hotel,天钥桥路327号,121.443488,31.188638,商务酒店,16,徐汇区,121.436307,31.188334,15,多云,2025/12/24 10:00,4星级,268,,,193,上海嘉汇华美达,民营企业,拥有
240,西藏大厦股份有限公司,hotel,虹桥路100号,121.434468,31.192353,商务楼宇酒店,16,徐汇区,121.436307,31.188334,15,多云,2025/12/24 10:00,4星级,198,,,14,锦江国际集团,国有企业,拥有
241,上海天平宾馆有限公司,hotel,天平路185号,121.439346,31.197401,精品宾馆,16,徐汇区,121.436307,31.188334,15,多云,2025/12/24 10:00,4星级,148,,,14,锦江国际集团,国有企业,拥有
242,上海新园雅致酒店经营管理有限公司,hotel,漕宝路509号,121.406077,31.163913,商务酒店,16,徐汇区,121.436307,31.188334,15,多云,2025/12/24 10:00,4星级,218,,,194,上海新园酒店,民营企业,拥有
243,上海华夏宾馆,hotel,漕宝路38号,121.429921,31.167677,商务宾馆,16,徐汇区,121.436307,31.188334,15,多云,2025/12/24 10:00,3星级,158,,,195,上海华夏宾馆,民营企业,拥有
244,上海南华亭酒店有限公司,hotel,中山西路2525号,121.434488,31.181016,商务酒店,16,徐汇区,121.436307,31.188334,15,多云,2025/12/24 10:00,3星级,138,,,196,上海南华亭酒店,民营企业,拥有
245,中科院上海学术活动中心,hotel,肇嘉浜路500号,121.45419,31.201334,学术会议中心,16,徐汇区,121.436307,31.188334,15,多云,2025/12/24 10:00,3星级,185,,,197,中国科学院,事业单位,拥有
246,建工锦江大酒店,hotel,建国西路691号,121.444445,31.199955,商务酒店,16,徐汇区,121.436307,31.188334,15,多云,2025/12/24 10:00,3星级,168,,,156,上海建工集团,国有企业,拥有
247,上海教育会堂,hotel,岳阳路1号,121.45216,31.208499,教育培训中心,16,徐汇区,121.436307,31.188334,15,多云,2025/12/24 10:00,3星级,128,,,198,上海市教委,政府机构,拥有
248,上海田林宾馆有限公司,hotel,田林路1号,121.423465,31.171417,商务宾馆,16,徐汇区,121.436307,31.188334,15,多云,2025/12/24 10:00,3星级,118,,,199,上海田林宾馆,民营企业,拥有
249,上海技贸宾馆,hotel,中山西路1525号,121.423899,31.186868,商务宾馆,16,徐汇区,121.436307,31.188334,15,多云,2025/12/24 10:00,3星级,95,,,200,上海技贸宾馆,民营企业,拥有
250,上海新惠宾馆有限公司,hotel,天钥桥路1001号,121.445772,31.178163,商务宾馆,16,徐汇区,121.436307,31.188334,15,多云,2025/12/24 10:00,3星级,108,,,201,上海新惠宾馆,民营企业,拥有
251,上海徐汇云悦酒店管理有限公司,hotel,漕宝路93号,121.427214,31.168037,精品酒店,16,徐汇区,121.436307,31.188334,15,多云,2025/12/24 10:00,3星级,88,,,202,上海徐汇云悦酒店,民营企业,拥有
252,上海天科经济发展有限公司,hotel,南丹路157号,121.43281,31.189777,商务宾馆,16,徐汇区,121.436307,31.188334,15,多云,2025/12/24 10:00,2星级,75,,,203,上海天科经济发展,民营企业,拥有
253,上海锦江汤臣洲际大酒店,hotel,张杨路777号,121.521589,31.229661,超豪华酒店,10,浦东新区,121.544346,31.221461,15.5,晴,2025/12/24 10:00,5星级,598,,,115,洲际酒店集团,外资企业,合作
254,上海浦东新区香格里拉酒店有限公司,hotel,富城路33号,121.499548,31.23573,超豪华酒店,10,浦东新区,121.544346,31.221461,15.5,晴,2025/12/24 10:00,5星级,628,,,204,香格里拉集团,外资企业,合作
255,上海金茂君悦大酒店,hotel,世纪大道88号,121.505476,31.235345,超豪华酒店,10,浦东新区,121.544346,31.221461,15.5,晴,2025/12/24 10:00,5星级,555,,,205,凯悦酒店集团,外资企业,合作
256,上海国际会议中心有限公司,hotel,滨江大道2727号,121.496851,31.239504,会议型酒店,10,浦东新区,121.544346,31.221461,15.5,晴,2025/12/24 10:00,5星级,458,,,14,锦江国际集团,国有企业,拥有
257,上海紫金山大酒店,hotel,东方路778号,121.523474,31.227776,商务酒店,10,浦东新区,121.544346,31.221461,15.5,晴,2025/12/24 10:00,5星级,385,,,14,锦江国际集团,国有企业,拥有
258,上海红塔大酒店有限公司,hotel,东方路889号,121.528309,31.223872,豪华酒店,10,浦东新区,121.544346,31.221461,15.5,晴,2025/12/24 10:00,5星级,428,,,14,锦江国际集团,国有企业,拥有
259,上海东锦江希尔顿逸林酒店,hotel,杨高南路889号,121.534581,31.210891,国际品牌酒店,10,浦东新区,121.544346,31.221461,15.5,晴,2025/12/24 10:00,5星级,398,,,146,希尔顿集团,外资企业,合作
260,上海外高桥保宏大酒店有限公司,hotel,杨高北路1000号,121.590259,31.339094,商务酒店,10,浦东新区,121.544346,31.221461,15.5,晴,2025/12/24 10:00,5星级,348,,,115,洲际酒店集团,外资企业,合作
261,上海东郊宾馆,hotel,金科路1800号,121.594622,31.22374,国宾馆,10,浦东新区,121.544346,31.221461,15.5,晴,2025/12/24 10:00,5星级,298,,,14,锦江国际集团,国有企业,拥有
262,上海淳大万丽酒店,hotel,长柳路100号,121.552258,31.22386,豪华酒店,10,浦东新区,121.544346,31.221461,15.5,晴,2025/12/24 10:00,5星级,358,,,114,万豪国际集团,外资企业,合作
263,齐茂中国有限公司,hotel,浦东大道535号,121.5203,31.240955,商务酒店,10,浦东新区,121.544346,31.221461,15.5,晴,2025/12/24 10:00,5星级,328,,,14,锦江国际集团,国有企业,拥有
264,上海浦东华油实业有限公司,hotel,东方路969号,121.529087,31.2224,商务酒店,10,浦东新区,121.544346,31.221461,15.5,晴,2025/12/24 10:00,5星级,368,,,126,中石油集团,国有企业,拥有
265,上海珀丽酒店投资管理有限公司,hotel,民生路1433号,121.551351,31.223476,商务酒店,10,浦东新区,121.544346,31.221461,15.5,晴,2025/12/24 10:00,5星级,408,,,115,洲际酒店集团,外资企业,合作
266,上海兴荣温德姆至尊豪廷酒店,hotel,浦东大道2288号,121.554947,31.253376,豪华酒店,10,浦东新区,121.544346,31.221461,15.5,晴,2025/12/24 10:00,5星级,438,,,157,温德姆酒店集团,外资企业,合作
267,上海世博土地控股有限公司,hotel,雪野路1188号,121.505126,31.199084,会展酒店,10,浦东新区,121.544346,31.221461,15.5,晴,2025/12/24 10:00,5星级,488,,,115,洲际酒店集团,外资企业,合作
268,上海新陆一房地产有限公司,hotel,世纪大道8号,121.528107,31.2268,超豪华酒店,10,浦东新区,121.544346,31.221461,15.5,晴,2025/12/24 10:00,5星级,558,,,114,万豪国际集团,外资企业,合作
269,上海浦东星河湾酒店有限公司,hotel,锦绣路2588号,121.538159,31.192171,豪华酒店,10,浦东新区,121.544346,31.221461,15.5,晴,2025/12/24 10:00,5星级,428,,,206,上海星河湾酒店,民营企业,拥有
270,上海皇廷国际大酒店有限公司,hotel,绣川路998号,121.707679,31.184597,豪华酒店,10,浦东新区,121.544346,31.221461,15.5,晴,2025/12/24 10:00,5星级,368,,,207,上海皇廷国际,民营企业,拥有
271,上海由由国际广场有限公司,hotel,浦建路38号,121.518194,31.208972,商务酒店,10,浦东新区,121.544346,31.221461,15.5,晴,2025/12/24 10:00,5星级,398,,,113,喜达屋酒店集团,外资企业,合作
272,上海柏悦酒店,hotel,世纪大道100号79-93楼,121.507572,31.234583,超豪华酒店,10,浦东新区,121.544346,31.221461,15.5,晴,2025/12/24 10:00,5星级,174,,,205,凯悦酒店集团,外资企业,合作
273,上海正地酒店管理有限公司,hotel,张杨北路5658号,121.574497,31.345466,商务酒店,10,浦东新区,121.544346,31.221461,15.5,晴,2025/12/24 10:00,5星级,328,,,208,上海豪生酒店,民营企业,拥有
274,上海中国煤碳大厦有限责任公司,hotel,东方路899号,121.528886,31.223074,商务酒店,10,浦东新区,121.544346,31.221461,15.5,晴,2025/12/24 10:00,4星级,268,,,115,洲际酒店集团,外资企业,合作
275,上海通茂大酒店有限公司,hotel,松林路357号,121.535444,31.226164,商务酒店,10,浦东新区,121.544346,31.221461,15.5,晴,2025/12/24 10:00,4星级,248,,,209,上海通茂大酒店,民营企业,拥有
276,上海由由大酒店有限公司,hotel,浦东南路2111号,121.516994,31.209518,商务酒店,10,浦东新区,121.544346,31.221461,15.5,晴,2025/12/24 10:00,4星级,288,,,113,喜达屋酒店集团,外资企业,合作
277,上海国际航运大厦有限公司,hotel,浦东大道728号,121.524705,31.239424,商务楼宇酒店,10,浦东新区,121.544346,31.221461,15.5,晴,2025/12/24 10:00,4星级,308,,,210,雅高酒店集团,外资企业,合作
278,上海民航置业有限公司,hotel,新金桥路18号,121.590865,31.244723,商务酒店,10,浦东新区,121.544346,31.221461,15.5,晴,2025/12/24 10:00,4星级,268,,,157,温德姆酒店集团,外资企业,合作
279,上海山东齐鲁实业总公司,hotel,东方路838号,121.525802,31.226014,商务酒店,10,浦东新区,121.544346,31.221461,15.5,晴,2025/12/24 10:00,4星级,258,,,14,锦江国际集团,国有企业,拥有
280,上海机场集团有限公司,hotel,启航路1100号,121.79934,31.160757,机场酒店,10,浦东新区,121.544346,31.221461,15.5,晴,2025/12/24 10:00,4星级,348,,,157,温德姆酒店集团,外资企业,合作
281,上海宝安大酒店有限公司,hotel,东方路800号,121.52413,31.226568,商务酒店,10,浦东新区,121.544346,31.221461,15.5,晴,2025/12/24 10:00,4星级,238,,,211,上海宝安大酒店,民营企业,拥有
282,上海嘉瑞酒店有限公司,hotel,崮坊路328号,121.531374,31.22946,商务酒店,10,浦东新区,121.544346,31.221461,15.5,晴,2025/12/24 10:00,4星级,228,,,212,上海嘉瑞酒店,民营企业,拥有
283,上海明城大酒店,hotel,崂山路600号,121.524246,31.225556,商务酒店,10,浦东新区,121.544346,31.221461,15.5,晴,2025/12/24 10:00,4星级,218,,,213,上海明城大酒店,民营企业,拥有
284,上海临港大酒店有限公司,hotel,大团镇南芦公路888号,121.736079,30.964886,商务酒店,10,浦东新区,121.544346,31.221461,15.5,晴,2025/12/24 10:00,4星级,268,,,214,上海临港大酒店,国有企业,拥有
285,上海陆家嘴东怡酒店,hotel,丁香路555号,121.54276,31.223859,商务酒店,10,浦东新区,121.544346,31.221461,15.5,晴,2025/12/24 10:00,4星级,248,,,215,上海陆家嘴东怡,民营企业,拥有
286,上海绿地川沙酒店管理有限公司,hotel,川沙路5500号,121.699505,31.184415,商务酒店,10,浦东新区,121.544346,31.221461,15.5,晴,2025/12/24 10:00,4星级,298,,,216,绿地集团,民营企业,拥有
287,上海新园雅致酒店经营管理有限公司,hotel,新元南路555号,121.820049,30.872001,商务酒店,10,浦东新区,121.544346,31.221461,15.5,晴,2025/12/24 10:00,4星级,278,,,194,上海新园酒店,民营企业,拥有
288,上海陆家嘴商业建设有限公司,hotel,环龙路55号,121.528401,31.206519,商务酒店,10,浦东新区,121.544346,31.221461,15.5,晴,2025/12/24 10:00,4星级,258,,,115,洲际酒店集团,外资企业,合作
289,上海莎鸥酒店管理有限公司,hotel,惠南镇城南路630号,121.695289,31.190228,商务酒店,10,浦东新区,121.544346,31.221461,15.5,晴,2025/12/24 10:00,4星级,238,,,217,上海莎鸥酒店,民营企业,拥有
290,上海新汇酒店管理有限公司,hotel,惠南镇通济路168号,121.744603,31.048407,商务酒店,10,浦东新区,121.544346,31.221461,15.5,晴,2025/12/24 10:00,3星级,188,,,218,上海新汇酒店,民营企业,拥有
291,上海汇苑宾馆,hotel,惠南镇城南路398号,121.700705,31.19212,商务宾馆,10,浦东新区,121.544346,31.221461,15.5,晴,2025/12/24 10:00,3星级,168,,,219,上海汇苑宾馆,民营企业,拥有
292,上海桃城度假村有限公司,hotel,沪南公路9191号,121.713945,31.038135,度假村,10,浦东新区,121.544346,31.221461,15.5,晴,2025/12/24 10:00,3星级,158,,,220,上海桃城度假村,民营企业,拥有
293,江天宾馆,hotel,浦东南路3456号,121.507916,31.195347,商务宾馆,10,浦东新区,121.544346,31.221461,15.5,晴,2025/12/24 10:00,3星级,148,,,14,锦江国际集团,国有企业,拥有
294,上海仁和大厦有限公司,hotel,浦东大道2056号,121.549776,31.248448,商务楼宇,10,浦东新区,121.544346,31.221461,15.5,晴,2025/12/24 10:00,3星级,138,,,221,上海仁和大厦,民营企业,拥有
295,上海浦东大酒店有限公司,hotel,浦东南路1888号,121.518228,31.215345,商务酒店,10,浦东新区,121.544346,31.221461,15.5,晴,2025/12/24 10:00,3星级,178,,,14,锦江国际集团,国有企业,拥有
296,上海中电大厦企业管理有限公司,hotel,南泉北路1029号,121.518998,31.225658,商务楼宇酒店,10,浦东新区,121.544346,31.221461,15.5,晴,2025/12/24 10:00,3星级,128,,,222,上海中电大厦,国有企业,拥有
297,中国石化集团资产经营管理有限公司,hotel,浦东大道2998号,121.577296,31.27798,商务宾馆,10,浦东新区,121.544346,31.221461,15.5,晴,2025/12/24 10:00,3星级,158,,,180,中石化集团,国有企业,拥有
298,上海双拥活动中心,hotel,浦东大道2601号,121.564198,31.260898,会议中心,10,浦东新区,121.544346,31.221461,15.5,晴,2025/12/24 10:00,3星级,118,,,223,上海双拥活动中心,政府机构,拥有
299,上海南泉大酒店有限公司,hotel,北张家浜路151号,121.524744,31.217212,商务酒店,10,浦东新区,121.544346,31.221461,15.5,晴,2025/12/24 10:00,3星级,148,,,224,上海南泉大酒店,民营企业,拥有
300,上海东海宾馆有限责任公司,hotel,浦东大道281号,121.516166,31.240039,商务宾馆,10,浦东新区,121.544346,31.221461,15.5,晴,2025/12/24 10:00,3星级,138,,,225,上海东海宾馆,国有企业,拥有
301,上海八方大酒店有限公司,hotel,浦东张杨路1587号,121.538497,31.234661,商务酒店,10,浦东新区,121.544346,31.221461,15.5,晴,2025/12/24 10:00,3星级,118,,,226,上海八方大酒店,民营企业,拥有
302,上海迪康酒店有限公司,hotel,浦东新区康桥镇秀沿路2571号,121.604543,31.137736,商务酒店,10,浦东新区,121.544346,31.221461,15.5,晴,2025/12/24 10:00,3星级,105,,,227,上海迪康酒店,民营企业,拥有
303,上海锦江饭店有限公司,hotel,黄浦区茂名南路59号,121.460718,31.219935,历史名店,1,黄浦区,121.48442,31.231661,15.8,晴,2025/12/24 10:00,5星级,420,,,14,锦江国际集团,国有企业,拥有
304,上海锦江国际酒店（集团）股份有限公司,hotel,黄浦区长乐路161号,121.462974,31.220863,豪华酒店,1,黄浦区,121.48442,31.231661,15.8,晴,2025/12/24 10:00,5星级,385,,,14,锦江国际集团,国有企业,拥有
305,花园饭店（上海）,hotel,黄浦区茂名南路58号,121.45991,31.219809,历史名店,1,黄浦区,121.48442,31.231661,15.8,晴,2025/12/24 10:00,5星级,498,,,14,锦江国际集团,国有企业,拥有
306,上海斯格威大酒店有限公司,hotel,黄浦区打浦路15号,121.47087,31.204259,商务酒店,1,黄浦区,121.48442,31.231661,15.8,晴,2025/12/24 10:00,5星级,342,,,210,雅高酒店集团,外资企业,合作
307,上海古象大酒店有限公司,hotel,黄浦九江路595号,121.479502,31.234362,商务酒店,1,黄浦区,121.48442,31.231661,15.8,晴,2025/12/24 10:00,5星级,288,,,14,锦江国际集团,国有企业,拥有
308,上海和平饭店有限公司,hotel,黄浦区南京东路20号,121.477072,31.234663,历史地标酒店,1,黄浦区,121.48442,31.231661,15.8,晴,2025/12/24 10:00,5星级,270,,,14,锦江国际集团,国有企业,拥有
309,上海金光外滩置地有限公司,hotel,黄浦区河南中路88号,121.48686,31.232391,豪华酒店,1,黄浦区,121.48442,31.231661,15.8,晴,2025/12/24 10:00,5星级,558,,,228,威斯汀集团,外资企业,合作
310,上海明天广场有限公司,hotel,黄浦区南京西路399号,121.46979,31.23036,商务酒店,1,黄浦区,121.48442,31.231661,15.8,晴,2025/12/24 10:00,5星级,342,,,114,万豪国际集团,外资企业,合作
311,上海南新雅大酒店,hotel,黄浦区九江路700号,121.477,31.234554,商务酒店,1,黄浦区,121.48442,31.231661,15.8,晴,2025/12/24 10:00,5星级,215,,,14,锦江国际集团,国有企业,拥有
312,上海新世界丽笙大酒店有限公司,hotel,黄浦区南京西路88号,121.473095,31.2345,商务酒店,1,黄浦区,121.48442,31.231661,15.8,晴,2025/12/24 10:00,5星级,328,,,229,丽笙酒店集团,外资企业,合作
313,上海世茂皇家艾美酒店,hotel,黄浦区南京东路789号,121.477072,31.234663,豪华酒店,1,黄浦区,121.48442,31.231661,15.8,晴,2025/12/24 10:00,5星级,342,,,114,万豪国际集团,外资企业,合作
314,上海豫园大酒店有限公司,hotel,黄浦区河南南路159号,121.487984,31.227502,商务酒店,1,黄浦区,121.48442,31.231661,15.8,晴,2025/12/24 10:00,5星级,268,,,114,万豪国际集团,外资企业,合作
315,上海大酒店,hotel,黄浦区九江路505号,121.481423,31.235092,历史名店,1,黄浦区,121.48442,31.231661,15.8,晴,2025/12/24 10:00,5星级,245,,,14,锦江国际集团,国有企业,拥有
316,上海外滩半岛酒店有限公司,hotel,黄浦区中山东一路32号,121.490233,31.23928,顶级奢华酒店,1,黄浦区,121.48442,31.231661,15.8,晴,2025/12/24 10:00,5星级,235,,,230,半岛酒店集团,外资企业,拥有
317,上海绿地海珀酒店管理有限公司,hotel,黄浦区江滨路99号,121.473338,31.191858,豪华酒店,1,黄浦区,121.48442,31.231661,15.8,晴,2025/12/24 10:00,5星级,365,,,114,万豪国际集团,外资企业,合作
318,城市酒店（上海）,hotel,黄浦陕西南路5-7号,121.457898,31.219147,精品酒店,1,黄浦区,121.48442,31.231661,15.8,晴,2025/12/24 10:00,4星级,168,,,14,锦江国际集团,国有企业,拥有
319,上海锦江国际饭店有限公司,hotel,黄浦区南京西路170号,121.450456,31.228509,历史名店,1,黄浦区,121.48442,31.231661,15.8,晴,2025/12/24 10:00,4星级,205,,,14,锦江国际集团,国有企业,拥有
320,上海海仑宾馆有限公司,hotel,黄浦区南京东路505号,121.477072,31.234663,商务宾馆,1,黄浦区,121.48442,31.231661,15.8,晴,2025/12/24 10:00,4星级,178,,,14,锦江国际集团,国有企业,拥有
321,上海王宝和大酒店,hotel,黄浦区九江路555号,121.480536,31.234785,老字号酒店,1,黄浦区,121.48442,31.231661,15.8,晴,2025/12/24 10:00,4星级,142,,,14,锦江国际集团,国有企业,拥有
322,上海金外滩宾馆有限公司,hotel,黄浦区广东路525号,121.481673,31.231836,商务宾馆,1,黄浦区,121.48442,31.231661,15.8,晴,2025/12/24 10:00,4星级,155,,,14,锦江国际集团,国有企业,拥有
323,上海新协通国际大酒店,hotel,黄浦区北京东路398号,121.482269,31.240438,商务酒店,1,黄浦区,121.48442,31.231661,15.8,晴,2025/12/24 10:00,4星级,188,,,231,上海新协通酒店,民营企业,拥有
324,上海滨江欣景大酒店,hotel,黄浦区中山南路36号,121.49967,31.22425,江景酒店,1,黄浦区,121.48442,31.231661,15.8,晴,2025/12/24 10:00,4星级,195,,,232,上海滨江欣景,民营企业,拥有
325,上海明珠大饭店,hotel,黄浦区肇嘉浜路212号,121.462553,31.203691,商务饭店,1,黄浦区,121.48442,31.231661,15.8,晴,2025/12/24 10:00,3星级,125,,,233,上海明珠大饭店,民营企业,拥有
326,上海益民酒店管理有限公司,hotel,黄浦区淮海中路795号,121.463021,31.218262,商务酒店,1,黄浦区,121.48442,31.231661,15.8,晴,2025/12/24 10:00,3星级,138,,,234,上海益民酒店,民营企业,拥有
327,上海美辰大酒店,hotel,黄浦区淮海中路935号,121.460255,31.217155,商务酒店,1,黄浦区,121.48442,31.231661,15.8,晴,2025/12/24 10:00,3星级,115,,,235,上海美辰大酒店,民营企业,拥有
328,上海中福大酒店有限公司,hotel,黄浦区九江路619号,121.478527,31.234219,商务酒店,1,黄浦区,121.48442,31.231661,15.8,晴,2025/12/24 10:00,3星级,108,,,236,上海中福大酒店,民营企业,拥有
329,上海吴宫大酒店,hotel,黄浦区福州路431号,121.482182,31.233617,商务酒店,1,黄浦区,121.48442,31.231661,15.8,晴,2025/12/24 10:00,3星级,128,,,237,上海吴宫大酒店,民营企业,拥有
330,上海锦江金门大酒店有限公司,hotel,黄浦区南京西路108号,121.472543,31.23427,商务酒店,1,黄浦区,121.48442,31.231661,15.8,晴,2025/12/24 10:00,3星级,145,,,14,锦江国际集团,国有企业,拥有
331,上海锦江国际酒店（集团）股份有限公司新城饭店,hotel,黄浦区江西中路180号,121.487567,31.23529,商务饭店,1,黄浦区,121.48442,31.231661,15.8,晴,2025/12/24 10:00,3星级,132,,,14,锦江国际集团,国有企业,拥有
332,上海商悦青年会宾馆有限公司,hotel,黄浦区西藏南路123号,121.479547,31.227364,经济型酒店,1,黄浦区,121.48442,31.231661,15.8,晴,2025/12/24 10:00,3星级,95,,,238,上海商悦青年会,民营企业,拥有
333,上海君亭酒店管理有限公司,hotel,黄浦区人民路839号,121.48463,31.227551,商务酒店,1,黄浦区,121.48442,31.231661,15.8,晴,2025/12/24 10:00,3星级,110,,,117,上海君亭酒店管理公司,民营企业,拥有
334,上海春申江宾馆有限公司,hotel,黄浦区南京东路626号,121.477072,31.234663,经济型宾馆,1,黄浦区,121.48442,31.231661,15.8,晴,2025/12/24 10:00,2星级,75,,,14,锦江国际集团,国有企业,拥有
335,上海七重天宾馆有限公司,hotel,黄浦区南京东路627号,121.477072,31.234663,经济型宾馆,1,黄浦区,121.48442,31.231661,15.8,晴,2025/12/24 10:00,2星级,68,,,239,上海七重天宾馆,民营企业,拥有
336,上海锦江国际发展股份有限公司南京饭店,hotel,黄浦区山西南路200号,121.482308,31.237419,历史饭店,1,黄浦区,121.48442,31.231661,15.8,晴,2025/12/24 10:00,2星级,82,,,14,锦江国际集团,国有企业,拥有
337,东亚饭店,hotel,黄浦区南京东路680号,121.477072,31.234663,历史饭店,1,黄浦区,121.48442,31.231661,15.8,晴,2025/12/24 10:00,2星级,72,,,14,锦江国际集团,国有企业,拥有
338,上海豫园商城会景楼大酒店有限公司,hotel,黄浦区陆家浜路1088号,121.487965,31.211891,特色酒店,1,黄浦区,121.48442,31.231661,15.8,晴,2025/12/24 10:00,2星级,65,,,240,上海豫园商城,上市公司,拥有
339,上海黄金岛大酒店有限公司,hotel,黄浦区制造局路789号,121.486158,31.19929,商务酒店,1,黄浦区,121.48442,31.231661,15.8,晴,2025/12/24 10:00,2星级,78,,,241,上海黄金岛酒店,民营企业,拥有
340,上海雍和酒店有限公司,hotel,黄浦区薛家浜路218号,121.502142,31.211235,商务宾馆,1,黄浦区,121.48442,31.231661,15.8,晴,2025/12/24 10:00,2星级,88,,,98,上海雍和酒店管理公司,民营企业,拥有
341,上海豪都大酒店,hotel,黄浦区广西南路41号,121.481518,31.227885,商务酒店,1,黄浦区,121.48442,31.231661,15.8,晴,2025/12/24 10:00,2星级,92,,,242,上海豪都大酒店,民营企业,拥有
342,上海松江开元名都大酒店有限公司,hotel,松江区人民北路1799号,121.226438,31.018129,豪华酒店,12,松江区,121.227676,31.03257,14.6,多云,2025/12/24 10:00,5星级,325,,,243,开元酒店集团,民营企业,拥有
343,上海世茂庄园置业有限公司,hotel,松江佘山林荫新路1288号,121.205517,31.095314,度假酒店,12,松江区,121.227676,31.03257,14.6,多云,2025/12/24 10:00,5星级,285,,,114,万豪国际集团,外资企业,合作
344,上海银湖酒店有限公司,hotel,松江区泗泾镇泗泾公路3388号,121.223531,31.113162,度假酒店,12,松江区,121.227676,31.03257,14.6,多云,2025/12/24 10:00,5星级,368,,,210,雅高酒店集团,外资企业,合作
345,上海新晖大酒店有限公司,hotel,松江区文诚路765号,121.210186,31.031588,商务酒店,12,松江区,121.227676,31.03257,14.6,多云,2025/12/24 10:00,4星级,195,,,244,上海新晖大酒店,民营企业,拥有
346,上海红楼戴斯宾馆有限公司,hotel,松江区普照路1号,121.239848,31.003575,商务宾馆,12,松江区,121.227676,31.03257,14.6,多云,2025/12/24 10:00,4星级,168,,,157,温德姆酒店集团,外资企业,合作
347,上海佘山森林宾馆,hotel,松江区佘山镇外青松公路9259号,121.197017,31.095697,度假宾馆,12,松江区,121.227676,31.03257,14.6,多云,2025/12/24 10:00,3星级,125,,,245,上海佘山森林宾馆,国有企业,拥有
348,上海兰笋山庄,hotel,松江区佘山镇外青松公路9269号,121.19774,31.09418,度假山庄,12,松江区,121.227676,31.03257,14.6,多云,2025/12/24 10:00,3星级,95,,,246,上海兰笋山庄,民营企业,拥有
349,上海迎园饭店有限公司,hotel,嘉定区清河路150号,121.243532,31.382869,商务饭店,9,嘉定区,121.265276,31.375566,14.7,多云,2025/12/24 10:00,4星级,188,,,247,上海迎园饭店,民营企业,拥有
350,上海汽车工业活动中心有限公司,hotel,嘉定区博乐南路125号,121.262183,31.376731,商务酒店,9,嘉定区,121.265276,31.375566,14.7,多云,2025/12/24 10:00,4星级,215,,,248,上海汽车工业集团,国有企业,拥有
351,上海嘉定宾馆有限公司,hotel,嘉定区博乐路100号,121.253371,31.383369,商务宾馆,9,嘉定区,121.265276,31.375566,14.7,多云,2025/12/24 10:00,4星级,165,,,249,上海嘉定宾馆,国有企业,拥有
352,上海新词贸易有限公司,hotel,嘉定区安亭镇墨玉路29号,121.163963,31.289979,商务酒店,9,嘉定区,121.265276,31.375566,14.7,多云,2025/12/24 10:00,3星级,128,,,250,上海新词大酒店,民营企业,拥有
353,上海协通大酒店有限公司,hotel,嘉定区曹安路4671号,121.369101,31.255942,商务酒店,9,嘉定区,121.265276,31.375566,14.7,多云,2025/12/24 10:00,3星级,145,,,251,上海协通大酒店,民营企业,拥有
354,上海市劳动模范度假村有限公司,hotel,嘉定区安亭镇泰富路55号,121.221679,31.315969,度假村,9,嘉定区,121.265276,31.375566,14.7,多云,2025/12/24 10:00,3星级,98,,,252,上海劳模度假村,事业单位,拥有
355,上海浦东国际机场,transport,浦东新区机场大道,121.805214,31.143378,国际航空枢纽,10,浦东新区,121.544346,31.221461,15.5,晴,2025/12/24 10:00,,,,,120,上海机场集团,国有企业,管理
356,上海虹桥国际机场,transport,长宁区虹桥路2550号,121.336364,31.197943,国际国内航空枢纽,2,长宁区,121.424751,31.220537,15.2,多云,2025/12/24 10:00,,,,,120,上海机场集团,国有企业,管理
357,上海虹桥火车站,transport,闵行区申虹路,121.320028,31.194427,高铁枢纽站,7,闵行区,121.380857,31.112834,14.8,多云,2025/12/24 10:00,,,,,253,中国铁路上海局集团,国有企业,管理
358,上海火车站,transport,静安区秣陵路100号,121.455692,31.249506,铁路客运站,4,静安区,121.447348,31.227718,15.6,晴,2025/12/24 10:00,,,,,253,中国铁路上海局集团,国有企业,管理
359,上海南站,transport,徐汇区沪闵路9001号,121.432884,31.147766,铁路客运枢纽,16,徐汇区,121.436307,31.188334,15,多云,2025/12/24 10:00,,,,,253,中国铁路上海局集团,国有企业,管理
360,上海西站,transport,普陀区桃浦路185号,121.395358,31.268123,铁路货运站,3,普陀区,121.39547,31.249618,14.9,多云,2025/12/24 10:00,,,,,253,中国铁路上海局集团,国有企业,管理
